supplier_id,material_type,capacity_product_equivalent_m3_per_week,service_probability,stability_index,fulfilment_ratio_capped,capacity_normalized,service_normalized,stability_normalized,fulfilment_normalized
S001,B,0.815850815850816,0.27472527472527475,0.6049382716049383,0.21212121212121213,0.00013588795710645072,0.25206043956043955,0.5596683284722399,0.21155523435107745
S002,A,4.7894736842105265,0.7473684210526316,0.3099416946218456,0.883495145631068,0.0015609915666219272,0.7394736842105263,0.2308682283824726,0.8834114536232363
S003,C,91.69458403126745,0.9597989949748744,0.4638689618721102,0.9200924434484208,0.03272871697586684,0.9585427135678393,0.4024339509275585,0.9200350413437192
S004,B,0.9414533686378347,0.32038834951456313,0.571322321727933,0.08976157082748948,0.00018093416739641395,0.2991504854368932,0.5222003422426728,0.0891076952258618
S005,A,101.05263157894737,0.9385964912280702,0.7211648902889901,1.0,0.03608489540044924,0.9366776315789475,0.6892133023401968,1.0
S006,C,0.7575757575757576,0.23636363636363636,0.6575991150085376,0.06493506493506493,0.00011498813881876499,0.2125,0.6183635538846601,0.064263355054026
S007,A,48.25,1.0,0.49458418553253536,1.0,0.01714771304873396,1.0,0.4366688180474106,1.0
S008,C,1.0168650793650793,0.26785714285714285,0.46789673267233617,0.43617021276595747,0.00020797988983093786,0.24497767857142855,0.4069232621453251,0.435765182029474
S009,B,0.587121212121212,0.2375,0.600312540827927,0.043356643356643354,5.385617032728437e-05,0.21367187499999998,0.5545125373168842,0.04266943247834967
S010,B,2.9269972451790633,0.36363636363636365,0.4366824758772203,0.2951388888888889,0.0008930313741648816,0.34375000000000006,0.3721321779116595,0.29463254739821954
S011,C,2.7454780361757107,0.7441860465116279,0.5107223073699444,1.0,0.0008279311649812518,0.7361918604651163,0.4546561998999975,1.0
S012,A,0.7107843137254902,0.17647058823529413,0.6088863475795191,0.09415584415584416,9.820681413482915e-05,0.15073529411764708,0.5640688126706671,0.0935051252085877
S013,C,2.1072796934865905,0.6896551724137931,0.528250821463806,1.0,0.0005990471485852782,0.6799568965517242,0.47419329842306585,1.0
S014,A,1.728395061728395,0.5925925925925926,0.6600316964375577,0.875,0.00046316363014472855,0.579861111111111,0.6210748837092911,0.8749102054499306
S015,A,0.8641975308641977,0.2777777777777778,0.6319185713351302,0.0010041961051536778,0.00015322706561178996,0.2552083333333333,0.589740288433482,0.0002865610752976989
S016,A,2.8030303030303028,0.7727272727272727,0.5487151691918342,0.9736842105263158,0.000848571760716532,0.765625,0.49700264641639225,0.9736653064105117
S017,A,3.432835820895523,0.373134328358209,0.4427975654266949,0.711340206185567,0.0010744457670167293,0.353544776119403,0.3789479927814042,0.7111328455750974
S018,B,1.3888888888888888,0.4305555555555556,0.5738621293354599,0.584070796460177,0.0003414028369353598,0.4127604166666667,0.5250311852446629,0.5837720110546363
S019,B,2.847439916405434,0.20689655172413793,0.37703582572067784,0.3935018050541516,0.0008644988636185271,0.18211206896551724,0.30565064533911535,0.39306612319388684
S020,C,1.1235955056179776,0.3707865168539326,0.5626570414549863,0.39344262295081966,0.00024625778401894807,0.351123595505618,0.5125421114584762,0.39300689857671217
S021,A,2.150537634408602,0.6774193548387096,0.623382206803577,0.24691358024691357,0.0006145612146631225,0.6673387096774193,0.580225745786642,0.24637259579711246
S022,A,3.5353535353535355,0.24242424242424243,0.430887507001832,0.445859872611465,0.001111212810531782,0.21875,0.36567316619792706,0.44546180250415074
S023,C,14.157986111111114,0.83125,0.3404747080927657,0.21845700508974014,0.0049209231247161365,0.8259765625000001,0.26490000593037316,0.217895578677037
S024,B,2.439984258166076,0.5844155844155844,0.5408220851011554,0.5276595744680851,0.0007183686070463655,0.5714285714285714,0.48820509742252416,0.5273202657001631
S025,C,3.8580246913580245,0.9333333333333333,0.6440414002296408,1.0,0.0012269358784580415,0.93125,0.6032522667576056,1.0
S026,A,2.7450980392156863,0.8235294117647058,0.6259333038510272,1.0,0.000827794882536421,0.8180147058823529,0.5830691718803233,1.0
S027,A,2.8723404255319154,0.6382978723404256,0.5847366070358645,0.9759036144578314,0.0008734292041693329,0.6269946808510639,0.537151764381152,0.9758863046650469
S028,B,3.277674706246134,0.3877551020408163,0.5692429897572007,0.726027397260274,0.0010187986480352125,0.36862244897959184,0.5198827405705158,0.725830587287519
S029,B,1.1447811447811447,0.32222222222222224,0.5971754666663165,0.06967213114754098,0.00025385582033027646,0.30104166666666665,0.5510159872589977,0.06900382416833563
S030,A,9.310344827586208,0.9655172413793104,0.4432530377740115,1.0,0.0031823607800617916,0.9644396551724138,0.37945565749710153,1.0
S031,B,260.145202020202,1.0,0.8428893375749881,1.0,0.09314199515398407,1.0,0.8248860984801385,1.0
S032,C,1.5407986111111112,0.46875,0.563329540133185,0.7319587628865979,0.00039588387366966545,0.4521484375,0.5132916714532507,0.7317662137483046
S033,C,2.192982456140351,0.8947368421052632,0.5924197822436523,1.0,0.0006297836629575491,0.8914473684210527,0.5457153511290506,1.0
S034,C,0.5411255411255411,0.18181818181818182,0.5271736203157805,0.017584994138335287,3.736024232164677e-05,0.15625,0.4729926612871716,0.01687927003087276
S035,A,2.4000000000000004,0.55,0.4160064727051128,0.6371681415929203,0.0007040286174388982,0.5359375000000001,0.34908692097352584,0.6369074990051081
S036,B,3.4792368125701465,0.9074074074074074,0.6063984119692057,1.0,0.001091087059588085,0.904513888888889,0.5612957856543745,1.0
S037,C,437.2498274672188,0.9751552795031055,0.2954764989050871,0.7489398170722698,0.15665895419811607,0.9743788819875776,0.21474547249110212,0.748759466382939
S038,A,0.7500000000000001,0.275,0.6796227589829593,0.3829787234042553,0.0001122711624413659,0.25234375000000003,0.6429108771695208,0.3825354822209338
S039,C,8.487654320987653,0.7142857142857143,0.25402676256209056,0.4074074074074074,0.0028873103313130696,0.7053571428571429,0.16854602978010133,0.4069817147255967
S040,B,201.42045454545453,1.0,0.6416644976263031,0.9859394313967862,0.07208089993517841,1.0,0.6006029959698774,0.9859293308973346
S041,C,1.5905017921146951,0.45161290322580644,0.6176966877600591,0.3497536945812808,0.00041370946633388514,0.4344758064516128,0.5738887257110562,0.34928658598584567
S042,A,4.107142857142858,0.44642857142857145,0.437206826098823,0.45695364238410596,0.0013162798371116695,0.42912946428571425,0.37271661318581845,0.4565635415573142
S043,A,0.9558823529411764,0.2647058823529412,0.6326085030489308,0.11174785100286533,0.0001861089910506836,0.2417279411764706,0.5905092791074508,0.11110976938632604
S044,C,2.450980392156863,0.8235294117647058,0.669158957020971,1.0,0.0007223122702373957,0.8180147058823529,0.6312480329168622,1.0
S045,B,0.5728011825572801,0.24390243902439024,0.5327874433232992,0.2108843537414966,4.872042229683479e-05,0.2202743902439024,0.47924976971071837,0.21031748746622828
S046,A,2.064989517819707,0.8805031446540881,0.6941964679160323,0.8873873873873874,0.0005838801626919244,0.8767688679245284,0.659154580757133,0.8873064913963339
S047,B,1.1235955056179776,0.3146067415730337,0.620023973921808,0.00746606334841629,0.00024625778401894807,0.293188202247191,0.576482694531801,0.006753070242254048
S048,B,1.9696969696969697,0.52,0.5647757899442131,0.6989247311827957,0.000549704359202627,0.505,0.5149036463699905,0.698708451836392
S049,A,1.4728682170542637,0.4418604651162791,0.6222864504441004,0.7169811320754716,0.0003715212572429627,0.4244186046511628,0.5790044272060858,0.7167778236602201
S050,B,3.125,0.90625,0.5981533453488753,1.0,0.0009640432567559954,0.9033203125,0.5521059206134428,1.0
S051,A,0.7923497267759563,0.2459016393442623,0.5906343569221701,0.009154040404040404,0.00012745950579699054,0.22233606557377047,0.5437253347349288,0.00844225986700006
S052,A,2.0000000000000004,0.5555555555555556,0.615911621788925,0.8571428571428571,0.0005605722647122238,0.5416666666666667,0.571899109845075,0.8570402347999206
S053,A,4.139784946236559,1.0,0.578249624040907,1.0,0.0013279866247285733,1.0,0.5299214409657556,1.0
S054,B,4.850833920601362,0.875968992248062,0.45398119951478366,0.826,0.0015829978559096167,0.872093023255814,0.39141315439492913,0.8258750059863033
S055,B,151.7739898989899,1.0,0.3448631596799951,0.747659772974654,0.0542756480752894,1.0,0.26979132818189483,0.7474785027574528
S056,A,1.0606060606060606,0.38636363636363635,0.6036463302605233,0.509090909090909,0.0002236671939147305,0.3671875,0.5582283441588689,0.5087382614033636
S057,B,1.3061650992685476,0.3793103448275862,0.5911337066111516,0.4132231404958678,0.0003117347040787026,0.3599137931034483,0.5442819046768448,0.4128016255831451
S058,B,0.6778309409888356,0.2631578947368421,0.6173813831545137,0.09523809523809523,8.638838747772138e-05,0.2401315789473684,0.5735372904946808,0.09458815373283071
S059,C,0.6660997732426304,0.47959183673469385,1.0,0.05919395465994962,8.218111113248289e-05,0.4633290816326531,1.0,0.05851812061559826
S060,C,4.777777777777778,0.4,0.7592051635776357,0.9662921348314607,0.0015567969364252408,0.38125000000000003,0.7316125931816821,0.9662679205707678
S061,C,1.7412935323383085,0.44776119402985076,0.5845542144852908,0.06287425149700598,0.0004677895490183545,0.43050373134328357,0.5369484715514602,0.06220106121744346
S062,A,7.352941176470589,0.29411764705882354,0.5237762703900555,0.9868421052631579,0.002480355808554485,0.27205882352941174,0.46920601058416234,0.9868326532052558
S063,C,0.5411255411255411,0.2727272727272727,0.6435938593348004,0.03177966101694915,3.736024232164677e-05,0.24999999999999997,0.6027534423559034,0.03108413373929263
S064,A,4.9378109452736325,0.9402985074626866,0.6416537229056385,0.03173714925253817,0.0016141913727358715,0.9384328358208955,0.60059098657889,0.031041591436283586
S065,A,3.579545454545455,0.7272727272727273,0.3923413157142108,0.875,0.0011270618393999438,0.71875,0.32270998444488747,0.8749102054499306
S066,A,4.58628841607565,0.9361702127659575,0.6378909894308848,0.412327311370882,0.0014881210228858753,0.9341755319148937,0.5963970831927465,0.4119051529335736
S067,C,1.9148586456278764,1.0,0.6951768110535909,1.0,0.0005300370943011382,1.0,0.6602472609673513,1.0
S068,C,0.8454106280193238,0.2318840579710145,0.4569193786958505,0.14583333333333334,0.00014648931420889995,0.2078804347826087,0.39468801818723614,0.14521973724119214
S069,B,2.6128633271490416,0.7142857142857143,0.5139268934130611,0.45308310991957107,0.000780370108794064,0.7053571428571429,0.4582279979950765,0.45269022867100983
S070,C,1.8253968253968254,0.7428571428571429,0.5985336141840041,0.4946236559139785,0.0004979524282045482,0.7348214285714286,0.552529764280817,0.49426061558251494
S071,A,4.421296296296297,0.16666666666666666,0.6529392260719474,0.5823170731707317,0.0014289481035554036,0.14062499999999997,0.6131696904018109,0.5820170279668411
S072,A,1.1382113821138211,0.4146341463414634,0.6036463302605233,0.26666666666666666,0.0002514996348539412,0.3963414634146341,0.5582283441588689,0.26613987197292593
S073,B,2.108036890645586,0.7391304347826086,0.5517241379310345,1.0,0.0005993187104420894,0.7309782608695652,0.5003564115099877,1.0
S074,C,99.05130540376443,0.9344262295081968,0.29744808398081213,0.399871315644341,0.035367138016178815,0.9323770491803279,0.21694298060073364,0.3994402093627771
S075,A,4.850746268656717,0.9328358208955224,0.5236137025252161,1.0,0.0015829664203388964,0.9307369402985075,0.46902481414189434,1.0
S076,C,2.59812050856827,0.9800995024875622,0.672396478521854,1.0,0.0007750827313377926,0.9794776119402985,0.6348565405287797,1.0
S077,B,3.3437826541274815,0.20689655172413793,0.38045208825597326,0.48120300751879697,0.0010425076607584705,0.18211206896551724,0.3094583758389931,0.4808303263786591
S078,A,133.22429906542055,0.9439252336448598,0.4874202406190198,0.8437407517016869,0.047622970597311194,0.9421728971962616,0.4286839599562046,0.8436285018705258
S079,B,1.8648018648018647,0.46153846153846156,0.6040450978957242,0.23616236162361623,0.0005120846862847928,0.4447115384615385,0.5586728063953721,0.23561365396710332
S080,C,111.3252314814815,1.0,0.5859463440057436,1.0,0.039769069688044084,1.0,0.5385001245582307,1.0
S081,B,2.3949169110459434,0.7419354838709677,0.4526757400769435,1.0,0.0007022056139340626,0.7338709677419355,0.38995810295597777,1.0
S082,A,1.3425925925925928,0.375,0.5529980314085748,0.58,0.0003247990924068096,0.35546875,0.5017762798596567,0.5796982903117667
S083,A,1.4583333333333335,0.4375,0.5947477314440724,0.012727272727272728,0.00036630845372818526,0.419921875,0.5483100589657652,0.01201805904454245
S084,C,1.3693270735524257,0.2535211267605634,0.5897061766898506,0.12727272727272726,0.0003343871702331555,0.23019366197183097,0.5426907947534513,0.12664579805042425
S085,C,1.1408730158730158,0.4107142857142857,0.5084293613752763,0.46,0.00025245420553241183,0.39229910714285715,0.45210050627040493,0.45961208754370003
S086,C,119.27830940988835,0.9856459330143541,0.24740619929858876,0.5956197112991538,0.04262136856944474,0.9851973684210527,0.1611668191941602,0.5953292221305071
S087,A,2.807017543859649,0.7105263157894737,0.5617980689318807,0.7441860465116279,0.0008500017482835842,0.7014802631578947,0.5115847096660219,0.7440022809207881
S088,B,4.2087542087542085,0.9084967320261438,0.6076975322350426,0.740418118466899,0.0013527218218561496,0.9056372549019608,0.5627437715184962,0.7402316461608315
S089,A,5.465116279069767,0.5813953488372093,0.4609258543403914,0.5529411764705883,0.0018033046226351593,0.5683139534883721,0.39915359404714784,0.5526200289032811
S090,C,4.683462532299742,0.6744186046511628,0.43571398685222035,0.5918367346938775,0.0015229716336182407,0.6642441860465116,0.3710527101713471,0.5915435279997733
S091,A,2.33974358974359,0.5576923076923077,0.5559383705354747,0.5793650793650794,0.000682418205329431,0.5438701923076923,0.5050535511050038,0.5790629135775441
S092,B,4.638694638694638,0.9692307692307692,0.6385461191457649,1.0,0.0015069160367786306,0.9682692307692308,0.5971272839226238,1.0
S093,A,1.016949152542373,0.2033898305084746,0.6103945037741196,0.029654036243822075,0.00020801004190937962,0.1784957627118644,0.5657497877952159,0.0289569820100046
S094,C,1.116557734204793,0.47058823529411764,0.5931307740956526,0.16872427983539096,0.0002437337514732993,0.4540441176470588,0.5465078152128426,0.16812712760118428
S095,B,0.6828851899274435,0.18309859154929578,0.5689019224980344,0.29357798165137616,8.820104777398479e-05,0.15757042253521128,0.5195025905698002,0.29307051887300206
S096,A,2.2530864197530867,0.5185185185185185,0.5587641196066586,0.003987763574784224,0.0006513394014682985,0.5034722222222222,0.5082031014724547,0.003272271809716543
S097,A,1.418918918918919,0.40540540540540543,0.547049726243803,0.003967254408060453,0.0003521728333863114,0.3868243243243243,0.49514636112112986,0.0032517479101015867
S098,B,2.994055386399884,0.9856459330143541,0.6215408606169529,1.0,0.0009170811650653046,0.9851973684210527,0.5781734005809667,1.0
S099,A,2.4390243902439024,0.6097560975609756,0.6202041028867287,0.04246284501061571,0.0007180243591683296,0.5975609756097561,0.5766834643925928,0.04177499206655935
S100,C,0.6410256410256411,0.17582417582417584,0.5642541036811014,0.02857142857142857,7.318850224339366e-05,0.15006868131868134,0.5143221803161101,0.02787359663946034
S101,A,1.2785388127853883,0.3424657534246575,0.5680027101563936,0.07088607594936709,0.0003018267883330619,0.32191780821917804,0.5185003378963721,0.07021864101518006
S102,A,3.4114583333333335,0.78125,0.5211435867604947,0.21163166397415187,0.0010667789260264003,0.7744140625,0.46627164893916634,0.21106533453397236
S103,C,0.6613756613756614,0.2857142857142857,0.4478515396034525,0.011853022520742789,8.048685148671245e-05,0.26339285714285715,0.3845810995522133,0.011143180814780964
S104,A,3.587962962962963,0.3472222222222222,0.3963035068452181,0.3333333333333333,0.0011300807020414982,0.3268229166666667,0.3271262012490731,0.33285442906629625
S105,B,3.305785123966942,0.45454545454545453,0.3455560704878504,0.6779661016949152,0.0010288801930348384,0.43749999999999994,0.27056363932294636,0.6777347665828719
S106,A,3.2905982905982905,0.9487179487179487,0.6113587938974558,1.0,0.001023433573723502,0.9471153846153846,0.5668245754836394,1.0
S107,C,1.5211640211640212,0.4603174603174603,0.6255453528403447,0.04627766599597585,0.0003888421070169321,0.4434523809523809,0.582636765740405,0.045592553452991305
S108,B,1521.1489898989898,1.0,0.45085052856833324,0.887656799720017,0.545389505613014,1.0,0.3879237412937052,0.887576097263037
S109,A,1.0714285714285716,0.3392857142857143,0.5799267104721081,0.27692307692307694,0.00022754858873958648,0.3186383928571429,0.5317907039656097,0.2764036499872906
S110,C,3.8419913419913425,0.8311688311688312,0.6606078011296986,1.0,0.0012211856639026996,0.8258928571428572,0.6217170039751443,1.0
S111,B,1.2360446570972885,0.42105263157894735,0.5989118410324009,0.029245283018867925,0.00028658664686502625,0.4029605263157895,0.5529513319711318,0.028547935154555056
S112,B,11.647727272727272,0.3125,0.49540107081476564,0.6507936507936508,0.004020641681330025,0.291015625,0.43757930984126814,0.6505427961775838
S113,C,4.050925925925926,0.9545454545454546,0.5986818625816248,1.0,0.001296118147327001,0.953125,0.5526950003946538,1.0
S114,A,78.86724386724387,0.9913419913419913,0.2538121550271599,0.7495714187752863,0.028128308388078827,0.9910714285714285,0.1683068304656996,0.7493915218010815
S115,A,4.704491725768322,0.8581560283687943,0.6526306668895202,0.5031605562579013,0.001530513562107706,0.8537234042553191,0.6128257735635098,0.5028036484634408
S116,A,3.378378378378378,0.6216216216216216,0.5836682003153902,0.8620689655172413,0.001054915101810899,0.6097972972972973,0.5359609294222478,0.8619698818757854
S117,B,1.9016697588126157,0.6224489795918368,0.4498364528360932,0.037037037037037035,0.0005253070203035326,0.6106505102040817,0.3867934630861779,0.036345286429094674
S118,B,1.4285714285714286,0.4,0.5647184964468875,0.03514376996805112,0.0003556346179598315,0.38125000000000003,0.5148397876369578,0.034450659319591785
S119,A,1.0283687943262412,0.19148936170212766,0.4137816267793387,0.32954545454545453,0.00021210559230877676,0.16622340425531915,0.3466071309686379,0.32906382923144567
S120,B,1.5625,0.5,0.6229355308268697,0.75,0.0004036668789174234,0.484375,0.5797278854136471,0.7498204108998612
S121,A,4.228395061728395,0.48148148148148145,0.41942988075213494,0.7445652173913043,0.0013597658346864439,0.46527777777777773,0.3529026157860575,0.7443817241802929
S122,A,2.7037037037037037,0.6888888888888889,0.6265012950624786,1.0,0.0008129491815461878,0.6791666666666667,0.5837022489454379,1.0
S123,A,44.78472222222222,1.0,0.7258558249927077,1.0,0.01590492277077197,1.0,0.6944417691104581,1.0
S124,B,1.7171717171717171,0.4666666666666667,0.6431116037751887,0.5396825396825397,0.00045913847995598906,0.45,0.6022159253518391,0.5393518676886332
S125,B,1.258346173600411,0.2711864406779661,0.6147414621311107,0.20851063829787234,0.00029458488240955544,0.24841101694915255,0.5705948621261856,0.207942066848922
S126,C,660.2777777777777,0.91,0.2263972075464389,0.35937559058094265,0.236645894967263,0.9071875,0.13775041666658827,0.35891539393608435
S127,A,4.114583333333334,0.375,0.46419629905379234,0.32510288065843623,0.001318948296053758,0.35546875,0.40279879752747805,0.3246180639930407
S128,A,3.122065727699531,0.7183098591549296,0.45840431806967735,1.0,0.0009629909067506649,0.7095070422535211,0.39634311608611617,1.0
S129,C,10.433771209633278,0.9458128078817734,0.28832275786254447,0.6338320864505403,0.003585267408375282,0.9441194581280787,0.20677198752778642,0.633569047386164
S130,A,1.0416666666666667,0.2916666666666667,0.5874139798877975,0.17595307917888564,0.00021687475297123268,0.26953125,0.5401359361661136,0.1753611197989557
S131,B,868.1313131313132,1.0,0.7973945482525526,0.9865907117899857,0.3111906701751707,1.0,0.7741780820151304,0.9865810791419731
S132,A,2.1000000000000005,0.56,0.5521571831057535,0.84,0.0005964363528938924,0.54625,0.5008390791336162,0.8398850629759111
S133,C,3.287037037037037,0.8666666666666667,0.6195437679503143,1.0,0.0010221563626059214,0.8625,0.5759474619772216,1.0
S134,B,1.2121212121212122,0.3230769230769231,0.6179010420092176,0.10097087378640776,0.00027800672146271327,0.3019230769230769,0.5741164968203493,0.10032505045930638
S135,C,5.753968253968253,0.23809523809523808,0.5073630380690051,1.0,0.0019068987496272435,0.21428571428571427,0.45091199346318644,1.0
S136,C,1.325757575757576,0.4318181818181818,0.5692561261353593,0.049008168028004666,0.0003187613671237004,0.41406249999999994,0.5198973822402515,0.048325016958631554
S137,B,0.5952380952380952,0.2261904761904762,0.5990119348845937,0.006148686416992733,5.676721644592633e-05,0.20200892857142858,0.5530628955321599,0.005434746964679859
S138,B,3.9165237278444827,0.8930817610062893,0.6491759470889517,0.1530156366344006,0.0012479160244889714,0.8897405660377359,0.6089751789978849,0.15240719999580646
S139,B,1027.2050865800866,0.9910714285714286,0.23788439162572075,0.8543668564484551,0.3682410285587465,0.9907924107142857,0.15055391192624318,0.8542622399476518
S140,B,2080.213498622589,0.9954545454545455,0.23242747264699787,0.6278219009235029,0.7458928940140581,0.9953125,0.14447168709253375,0.6275545444038847
S141,B,4.895104895104895,0.9230769230769231,0.6266039537829148,1.0,0.0015988752372444479,0.920673076923077,0.5838166712817907,1.0
S142,B,3.9855072463768115,0.32608695652173914,0.4198989202255074,0.5084033613445378,0.0012726563344062235,0.3050271739130435,0.35342540227859287,0.5080502197526681
S143,A,574.9097222222223,1.0,0.5568468051543748,0.8754044623030559,0.20602942024384274,1.0,0.506066082832233,0.8753149583010706
S144,A,2.3333333333333335,0.15,0.5406370358314776,0.4444444444444444,0.0006801192253177857,0.12343749999999999,0.4879988434414989,0.4440453575552469
S145,A,1.4383561643835616,0.3835616438356164,0.5469586936888148,0.024676850763807285,0.0003591438242398382,0.3642979452054794,0.49504489718721695,0.02397622113694349
S146,B,2.8520499108734403,0.9037433155080213,0.276998634383388,0.44221105527638194,0.000866152196099703,0.900735294117647,0.19415023790799701,0.44181036401778057
S147,B,8.181818181818182,0.4,0.37633958785910687,0.6835443037974683,0.00277762498866992,0.38125000000000003,0.3048746258987815,0.683316975822609
S148,A,1.2291666666666667,0.3375,0.5592559565846928,0.057392996108949414,0.00028411991831186134,0.31679687500000003,0.5087512978253051,0.0567158683344958
S149,C,4.303840877914952,0.8888888888888888,0.5791664349462343,1.0,0.0013868237887329703,0.8854166666666666,0.5309433088142502,1.0
S150,A,12.541666666666668,1.0,0.17184653963047353,0.32908163265306123,0.0043412448938631235,1.0,0.0769488126135315,0.32859967414962726
S151,C,1125.5671296296296,1.0,0.3079712587802272,0.7297962552999887,0.4035176784153255,1.0,0.22867200119715939,0.7296021527105294
S152,A,4.841849148418492,0.9051094890510949,0.6359699676147341,1.0,0.00157977554929103,0.9021441605839416,0.5942559323635246,1.0
S153,B,4.734848484848484,0.23214285714285715,0.2491151101324243,0.06576475009394964,0.0015414007369533122,0.20814732142857142,0.16307155334042056,0.06509363622255504
S154,A,122.3397435897436,0.7403846153846154,0.5034845049520383,0.7466744913928013,0.04371932402333178,0.7322716346153847,0.4465890210066849,0.7464925133922693
S155,A,1.2345679012345678,0.35185185185185186,0.5427069747667729,0.0966183574879227,0.0002860570218401922,0.33159722222222227,0.4903059757345756,0.09596940750287979
S156,A,0.9722222222222221,0.3333333333333333,0.6600316964375577,0.10810810810810811,0.0001919691361784072,0.31249999999999994,0.6210748837092911,0.107467411858964
S157,A,4.987373737373737,0.9090909090909091,0.6620509138289675,0.011867563994712175,0.0016319666161999501,0.90625,0.6233254822999204,0.011157732734711249
S158,A,1.2091503267973855,0.39215686274509803,0.6075972020604129,0.0036435253569670114,0.00027694124053039985,0.3731617647058823,0.5626319445549509,0.002927786306172246
S159,A,4.369918699186991,0.573170731707317,0.3947809407372774,0.849802371541502,0.0014105219968224998,0.5598323170731707,0.32542916498579166,0.8496944761137505
S160,C,0.9191176470588235,0.29411764705882354,0.5980148544118237,0.0007178407350689127,0.00017292366451330542,0.27205882352941174,0.551951560063128,0.0
S161,C,0.9066358024691359,0.2777777777777778,0.5629897305082668,0.0018837675350701403,0.00016844716476296101,0.2552083333333333,0.5129129231985177,0.0011667643509805875
S162,C,0.4369538077403246,0.15730337078651685,0.6147100720715151,0.028282828282828285,0.0,0.1309691011235955,0.5705598750939888,0.027584789032995535
S163,A,5.384615384615385,0.5897435897435898,0.3828440524142579,0.30920245398773005,0.0017744337108610078,0.576923076923077,0.31212443407837465,0.30870621514906404
S164,C,1.2820512820512822,0.28205128205128205,0.5753495281318264,0.08144796380090498,0.0003030865034079361,0.25961538461538464,0.5266890243901887,0.08078811606645805
S165,A,1.3157894736842104,0.6631578947368421,0.6599074767578907,0.11346444780635401,0.00031518639820606986,0.6526315789473683,0.6209364297532307,0.11282759931811567
S166,B,0.9324009324009324,0.3076923076923077,0.5714285714285714,0.2222222222222222,0.000177687593681822,0.28605769230769235,0.5223187670480102,0.22166350057734566
S167,A,3.238095238095238,0.4,0.4282507945264529,0.6044444444444445,0.0010046038326757397,0.38125000000000003,0.3627343140435095,0.6041602945793358
S168,B,0.7226107226107226,0.26153846153846155,0.6133170486071607,0.019533711405166982,0.00010244824784615357,0.23846153846153847,0.5690072257066933,0.01882938717122596
S169,B,4.422271495442226,0.959349593495935,0.6604125941923785,1.0,0.0014292978498370466,0.958079268292683,0.621499428363978,1.0
S170,A,5.48780487804878,0.5853658536585366,0.45340313529781245,0.3994082840236686,0.0018114416817801777,0.5724085365853658,0.39076885006318995,0.3989768451203764
S171,C,1.5873015873015872,0.4603174603174603,0.5546566619734774,0.72,0.00041256174205771815,0.4434523809523809,0.5036249721439172,0.7197988602078444
S172,B,3.93718203937182,0.9343065693430657,0.6520775176265758,1.0,0.0012553249395519796,0.9322536496350364,0.6122092391790068,1.0
S173,C,13.247863247863249,0.41025641025641024,0.25798473271386324,0.20217391304347826,0.004594515858479395,0.3918269230769231,0.17295754192496854,0.20160078956738287
S174,B,4.16065416065416,0.9920634920634921,0.6380223053912234,1.0,0.0013354711781901234,0.9918154761904763,0.5965434465890419,1.0
S175,B,3.9329464861379746,0.9787234042553191,0.6116524803302457,1.0,0.0012538058970052116,0.9780585106382979,0.5671519153107109,1.0
S176,B,0.9659090909090908,0.6375,1.0,0.13110539845758354,0.00018970498919724128,0.6261718749999999,1.0,0.1304812224591574
S177,C,0.8477633477633477,0.2727272727272727,0.54085233344175,0.32413793103448274,0.00014733309569256423,0.24999999999999997,0.4882388119066608,0.3236524211913486
S178,A,6.037037037037037,1.0,0.5788348806420136,1.0,0.0020084187876018085,1.0,0.5305737618536454,1.0
S179,B,0.6347256347256348,0.1891891891891892,0.5929179207331189,0.0491283676703645,7.092906242850874e-05,0.16385135135135134,0.5462705710806521,0.04844530294717382
S180,B,1.335387776065742,0.8813559322033898,1.0,0.8524590163934426,0.0003222151506542924,0.8776483050847458,1.0,0.8523530293835245
S181,A,1.0344827586206897,0.27586206896551724,0.617802414690596,0.06206896551724138,0.0002142983098547335,0.25323275862068967,0.5740065678423047,0.06139519675534102
S182,C,4.427083333333334,0.5625,0.43305387854346483,0.7688442211055276,0.0014310235716214724,0.548828125,0.36808778126568537,0.7686781688722334
S183,C,0.47425474254742545,0.18292682926829268,0.554516455988088,0.0031839890834659997,1.3377640151805367e-05,0.15739329268292682,0.5034687000186584,0.0024679199218478774
S184,A,2.2955974842767297,0.49056603773584906,0.440731600220947,0.12436115843270869,0.0006665856071360239,0.47464622641509435,0.3766452895657298,0.12373213766629379
S185,A,1.2851405622489962,0.3132530120481928,0.5689019224980344,0.1285140562248996,0.0003041944455822231,0.2917921686746988,0.5195025905698002,0.12788801871919456
S186,C,3.9667508417508417,0.9242424242424242,0.6253886350734926,0.14595431668602402,0.001265929520911455,0.921875,0.5824620897561825,0.1453408075030486
S187,A,1.4682539682539684,0.30952380952380953,0.5587159213223652,0.4625,0.00036986639898430317,0.2879464285714286,0.508149380168764,0.4621138834347014
S188,B,2.9720279720279716,0.8846153846153846,0.5670708957962746,1.0,0.0009091812337508204,0.8810096153846153,0.5174617473540493,1.0
S189,A,93.20754716981133,0.949685534591195,0.7223913494148412,1.0,0.03327132741003036,0.9481132075471699,0.6905803008574676,1.0
S190,B,3.4632034632034627,0.14285714285714285,0.6701849176072734,0.64,0.0010853368450327425,0.11607142857142856,0.6323915578584539,0.6397413916958
S191,B,3.9986329460013668,0.8947368421052632,0.6579945966835361,0.07506415739948674,0.001277363746894035,0.8914473684210527,0.618804353624281,0.07439972381685145
S192,C,0.6127450980392157,0.23529411764705882,0.6165892333599113,0.036231884057971016,6.304594336848738e-05,0.2113970588235294,0.572654368616688,0.03553955506323271
S193,B,5.101010101010101,0.8333333333333334,0.5706638948337023,1.0,0.0016727212618609373,0.828125,0.5214664665111681,1.0
S194,C,586.6030092592594,1.0,0.8788821446227862,0.9998520418228447,0.21022311101814134,1.0,0.8650033048587942,0.9998519355361412
S195,A,1.4634146341463414,0.4146341463414634,0.6154430692372868,0.023872679045092837,0.0003681308159325383,0.3963414634146341,0.571376866070413,0.023171471736327758
S196,A,1.388888888888889,0.4166666666666667,0.5798550793484801,0.6779661016949152,0.00034140283693535986,0.3984375,0.5317108646642209,0.6777347665828719
S197,B,4.29090909090909,0.952,0.6244394696374317,0.6030664395229983,0.0013821859212377224,0.9505,0.5814041598860455,0.6027812997592344
S198,A,1.0344827586206897,0.25287356321839083,0.5988934934311484,0.11612903225806452,0.0002142983098547335,0.22952586206896552,0.5529308819266264,0.11549409789112189
S199,B,4.103535353535353,0.625,0.4267297026135937,0.08452535760728218,0.0013149860388367172,0.61328125,0.3610389209026511,0.08386772053837309
S200,B,1.3491075134910748,0.410958904109589,0.5611047604204865,0.06707946336429309,0.00032713560938280717,0.3925513698630137,0.5108119552487644,0.06640929392559113
S201,A,2788.7414965986395,0.5714285714285714,0.33742389990288957,0.23512829116229184,1.0,0.5580357142857143,0.2614996070225464,0.2345788406746444
S202,B,4.5568466621098205,0.9548872180451128,0.6593909198546537,0.3472222222222222,0.0014775620062813402,0.9534774436090225,0.6203606808302317,0.3467532951274151
S203,A,2.1428571428571432,0.8214285714285714,0.6173272058155761,1.0,0.0006118066764003217,0.8158482142857143,0.5734769049992031,1.0
S204,A,4.999999999999999,0.18518518518518517,0.5988526875683787,0.680672268907563,0.0016364949101622818,0.1597222222222222,0.5528854001386676,0.6804428777880579
S205,A,1.4084507042253522,0.4225352112676056,0.5705246475944284,0.17341040462427745,0.0003484185036375642,0.4044894366197183,0.5213112629943046,0.17281661869780668
S206,C,2.8703703703703707,0.9333333333333333,0.6174146045924748,1.0,0.000872722661848969,0.93125,0.573574318762054,1.0
S207,C,2.3504273504273505,0.4835164835164835,0.48474190185616056,0.27697841726618705,0.0006862498386821734,0.4673763736263736,0.42569871157702466,0.2764590300844904
S208,A,115.83333333333334,0.7142857142857143,0.39451021910568856,0.5881918323481999,0.04138585931151167,0.7053571428571429,0.32512742148600876,0.5878960073151662
S209,A,3.721461187214612,0.5068493150684932,0.3589181203057559,0.5927272727272728,0.0011779586229080715,0.4914383561643836,0.28545684033044005,0.5924347057568647
S210,C,156.81454836131098,0.8489208633093526,0.3810672781252139,0.4535444903621073,0.0560833984070648,0.8441996402877698,0.3101440600345495,0.45315194054914004
S211,A,1.5591397849462367,0.8709677419354839,0.8039684367331241,0.18181818181818182,0.00040246176842744804,0.8669354838709677,0.7815052693760697,0.18123043567227273
S212,C,0.633169934640523,0.14705882352941177,0.671973873684333,0.03147208121827411,7.037112477814193e-05,0.12040441176470588,0.6343855095958231,0.030776332988700535
S213,C,2.058232931726908,0.9819277108433735,0.6874596759067005,1.0,0.0005814569746975327,0.9813629518072289,0.6516458228264294,1.0
S214,B,0.8471814923427825,0.5591397849462365,1.0,0.09576427255985268,0.0001471244185514429,0.5453629032258064,1.0,0.09511470903743506
S215,B,0.9968102073365231,0.18421052631578946,0.5173433396971598,0.0427715996578272,0.00020078739284189564,0.15871710526315788,0.46203593329944914,0.04208396850964787
S216,B,4.350941850941851,0.8716216216216216,0.650327424453994,1.0,0.0014037161232337613,0.8676097972972973,0.6102586036286008,1.0
S217,A,5.387596899224806,0.46511627906976744,0.6402694632640897,0.7202072538860104,0.0017755030038896797,0.44840116279069764,0.599048105256855,0.7200062629760103
S218,C,89.60069444444446,1.0,0.6413641665338241,1.0,0.031977762568021866,1.0,0.600268250074596,1.0
S219,A,1.6666666666666665,0.6944444444444444,0.6737082178731281,0.10619469026548672,0.00044102530410666146,0.6848958333333334,0.6363185914935789,0.10555261950038843
S220,C,1.568100358422939,0.45161290322580644,0.5864815137212425,0.11235955056179775,0.0004056753964007157,0.4344758064516128,0.5390966191271528,0.11172190836355184
S221,A,5.185185185185185,0.9761904761904762,0.6431216233019448,1.0,0.0017029098882764832,0.9754464285714285,0.6022270930115927,1.0
S222,B,1.2432012432012434,0.38461538461538464,0.6024242445983183,0.026272577996715927,0.0002891532912161457,0.36538461538461536,0.5568662202584473,0.025573094670723433
S223,C,1.0510510510510511,0.4594594594594595,0.6162569131738428,0.11475409836065574,0.00022024037686215505,0.44256756756756754,0.5722839680121838,0.11411817630114757
S224,B,1.487603305785124,0.8636363636363636,0.7678653720569982,0.3673469387755102,0.0003768058624590455,0.859375,0.7412651709977829,0.36689246839964856
S225,B,3.0303030303030303,0.875,0.5722816646936073,1.0,0.0009300810520385062,0.87109375,0.5232696158808962,1.0
S226,A,5.649717514124294,0.576271186440678,0.40301179067899223,0.8032128514056225,0.0018695101723595641,0.5630296610169492,0.33460318426539437,0.8030714880978826
S227,A,10.854700854700857,0.7692307692307693,0.34181829528631674,0.5825688073394495,0.0037362299874651034,0.7620192307692308,0.2663975541671591,0.5822689429704103
S228,C,3.6793372319688107,0.2631578947368421,0.47868033780142166,0.0391597510373444,0.0011628512504531106,0.2401315789473684,0.418942555664026,0.0384695252945907
S229,A,2464.4930555555557,1.0,0.7597826506871365,0.986112230295789,0.8837112531766226,1.0,0.7322562542754694,0.9861022539275325
S230,B,2.3172905525846703,0.7352941176470589,0.6634192133165421,0.03278688524590164,0.0006743656282832934,0.7270220588235294,0.6248505746012222,0.03209208151421678
S231,C,0.551994301994302,0.20512820512820512,0.6531530338727766,0.007370423204945316,4.1258224303873866e-05,0.18028846153846154,0.6134079983409455,0.006657361395073862
S232,B,4.507575757575758,0.65,0.4529683416454834,0.8623188405797102,0.0014598914456313383,0.6390625,0.39028423360470005,0.8622199364376048
S233,B,3.1907308377896606,0.6705882352941176,0.5100053031064881,0.8099547511312217,0.0009876170223834288,0.6602941176470588,0.453857034445265,0.8098182309103017
S234,C,0.6188118811881188,0.44554455445544555,1.0,0.012451577199778638,6.522173982680059e-05,0.4282178217821782,1.0,0.01174216546940158
S235,B,7.535885167464115,0.8157894736842105,0.31847789986912894,0.6136363636363636,0.002545967002807467,0.8100328947368421,0.24038259349273086,0.61335881684524
S236,C,1.5555555555555558,0.64,0.6162569131738428,0.875,0.0004011763172381409,0.62875,0.5722839680121838,0.8749102054499306
S237,A,4.517906336088155,0.9834710743801653,0.6277396146899981,1.0,0.0014635964134187007,0.9829545454545455,0.5850824670538495,1.0
S238,B,0.8815426997245178,0.05454545454545454,0.6090291782498797,0.0239880059970015,0.0001594477522671145,0.024999999999999994,0.5642280102423498,0.02328688153409048
S239,C,4.118773946360154,1.0,0.6245500625767341,0.8206106870229007,0.0013204512212050491,1.0,0.5815274256197829,0.8204818215617324
S240,B,1.1600378787878787,0.078125,0.5657990107979836,0.49,0.00025932750886809415,0.04931640625,0.5160441176343501,0.48963363823571665
S241,C,0.6944444444444444,0.19642857142857142,0.6496569633540252,0.041791044776119404,9.23466690071055e-05,0.17131696428571427,0.6095113146972154,0.0411027092400647
S242,A,2.025641025641026,0.4461538461538462,0.5143938555714739,0.13122923588039867,0.0005697681847588054,0.4288461538461538,0.45874846913407913,0.13060514884137783
S243,A,1.2209302325581397,0.313953488372093,0.5694991259569397,0.4846153846153846,0.0002811659963201542,0.292514534883721,0.5201682273004707,0.4842451547781752
S244,C,94.94212962962963,1.0,0.655704341435364,0.9650020587024293,0.03389341959300335,1.0,0.6162516590725973,0.9649769177072919
S245,C,3.2890252215405584,0.9325153374233128,0.21749924134329882,0.6701388888888888,0.0010228694068494786,0.9304064417177914,0.1278328365776657,0.6699019310484279
S246,C,0.8487654320987655,0.25,0.6320704173529833,0.0032336297493936943,0.00014769248410227316,0.2265625,0.5899095344172115,0.0025175962474656686
S247,C,328.1134259259259,1.0,0.876996828138529,1.0,0.11751817891104685,1.0,0.8629019508191497,1.0
S248,B,1.2299465240641712,0.35294117647058826,0.5727641343947232,0.13346228239845262,0.0002843996070565936,0.3327205882352941,0.5238073715648418,0.13283979948269076
S249,B,1.6919191919191918,0.5166666666666667,0.5589052039008786,0.18356164383561643,0.0004500818920313253,0.5015625,0.5083603525515521,0.1829751501168067
S250,A,3.070175438596491,0.631578947368421,0.6450262178582695,0.05343511450381679,0.0009443809277090279,0.6200657894736842,0.6043499341887834,0.0527551435597795
S251,A,1.1111111111111112,0.1111111111111111,0.5173475898228578,0.017249640632486823,0.0002417803697640581,0.08333333333333333,0.4620406704451108,0.016543675621686925
S252,C,1.1299435028248588,0.4067796610169492,0.5714285714285714,0.03247631935047361,0.0002485344353349938,0.38824152542372886,0.5223187670480102,0.03178129252178998
S253,C,4.301697530864197,0.9444444444444444,0.5411718041589878,1.0,0.0013860550968566483,0.9427083333333333,0.48859489062756595,1.0
S254,A,5.962962962962963,0.5777777777777777,0.43397061952253035,1.0,0.001981852796356128,0.5645833333333333,0.36910957117509985,1.0
S255,A,1.6666666666666667,0.5,0.6000000000000001,0.75,0.00044102530410666156,0.484375,0.554164182578143,0.7498204108998612
S256,B,4.79020979020979,0.9461538461538461,0.5687371782763287,1.0,0.0015612555643266135,0.9444711538461538,0.519318968382926,1.0
S257,C,0.8442265795206971,0.2549019607843137,0.5921210858892252,0.20666666666666667,0.00014606466601123878,0.2316176470588235,0.5453824272957082,0.20609677058889259
S258,B,4.48051948051948,0.8928571428571429,0.6325163021959284,0.672077922077922,0.0014501879585691983,0.8895089285714286,0.5904065130007875,0.6718423571543632
S259,B,1.8799102132435468,0.5555555555555556,0.5668564789648743,0.4240506329113924,0.0005175031576927114,0.5416666666666667,0.5172227605958085,0.4236368959971484
S260,B,1.9226750261233017,0.8827586206896552,0.6746740402772989,0.3177892918825561,0.0005328403678946322,0.8790948275862069,0.6373950870461986,0.3172992214538524
S261,B,1.6083916083916083,0.47692307692307695,0.5699763220817055,0.053117782909930716,0.00042012548581897585,0.46057692307692305,0.5207001051113593,0.05243758400871185
S262,C,0.6944444444444444,0.23214285714285715,0.5520980047401841,0.03341288782816229,9.23466690071055e-05,0.20814732142857142,0.500773119546148,0.03271853378943917
S263,C,3.9016812865497075,0.868421052631579,0.6326473982609022,0.9046610169491526,0.0012425929182547008,0.8643092105263158,0.5905526313040085,0.9045925295804556
S264,B,4.848484848484849,0.5,0.37209302325581395,1.0,0.0015821553826142994,0.484375,0.30014144939592197,1.0
S265,A,2.9375,0.7375,0.41528044144438664,0.24394463667820068,0.0008967980914153668,0.7292968750000001,0.3482776941220267,0.2434015194687841
S266,A,45.270833333333336,1.0,0.8922066394801723,1.0,0.01607926208832175,1.0,0.8798546474999843,1.0
S267,C,1.2796504369538078,0.6966292134831461,0.5873107592798935,0.11631205673758865,0.00030222546220507265,0.6871488764044944,0.5400208875558644,0.11567725384745235
S268,C,751.0763888888889,1.0,0.884323564484476,1.0,0.26920998892388226,1.0,0.871068254538724,1.0
S269,A,2.2688172043010755,0.9225806451612903,0.6669089697160894,0.25178997613365156,0.0006569811039102575,0.9201612903225806,0.6287402205937105,0.25125249467404737
S270,C,1.996527777777778,0.90625,0.5223036848191852,1.0,0.0005593269838725823,0.9033203125,0.4675646821048809,1.0
S271,C,5.533154121863799,0.7903225806451613,0.3906294109552844,0.7694704049844237,0.0018277057745717158,0.7837701612903225,0.32080191330102664,0.7693048025743268
S272,B,2.6936026936026933,0.7777777777777778,0.5848419916093799,0.0975609756097561,0.0008093265463763222,0.7708333333333334,0.5372692249248442,0.09691270276047428
S273,A,159.66329966329965,0.9090909090909091,0.5344818821613933,0.8823967249720879,0.05710507708608645,0.90625,0.4811383735218509,0.8823122439067453
S274,A,2.619047619047619,0.6530612244897959,0.6038864001936909,0.4301675977653631,0.0007825880486939816,0.642219387755102,0.5584959235960996,0.4297582550119739
S275,A,1101.0625000000002,1.0,0.851445300294261,1.0,0.39472931643636394,1.0,0.8344224850620834,1.0
S276,B,1.01010101010101,0.24358974358974358,0.5782855738631215,0.07123287671232877,0.00020555401806540287,0.21995192307692307,0.5299615102616885,0.07056569090468952
S277,C,0.508130081300813,0.1951219512195122,0.596447758390301,0.017761989342806393,2.552672151415926e-05,0.16996951219512196,0.5502048912237927,0.017056392380981868
S278,A,1.2449799196787148,0.3132530120481928,0.5921210858892252,0.14385150812064965,0.00028979119731649264,0.2917921686746988,0.5453824272957082,0.14323648837168212
S279,C,2.522675736961452,0.7346938775510204,0.52440686807037,0.31338028169014087,0.0007480251519202649,0.7264030612244898,0.46990886816483063,0.31288704402074535
S280,B,1.6588296760710552,0.646551724137931,0.4802189092441692,0.14648212226066898,0.0004382146388886624,0.6355064655172414,0.4206574313061242,0.14586899223020636
S281,A,1.2244897959183674,0.30612244897959184,0.36320002703890175,0.5217391304347826,0.0002824426012625486,0.28443877551020413,0.29022940880168063,0.5213955686779952
S282,A,1175.9722222222224,1.0,0.6464018457744247,1.0,0.4215950052707847,1.0,0.6058831946799518,1.0
S283,A,0.7352941176470589,0.20588235294117646,0.622137297977715,0.23255813953488372,0.00010699703182641461,0.18106617647058823,0.5788381834266575,0.23200684276236433
S284,C,269.65856481481484,1.0,0.5463114066123405,1.0,0.09655387597568606,1.0,0.4943234377801006,1.0
S285,A,0.7383966244725738,0.24050632911392406,0.5164379299855911,0.005285412262156448,0.00010810971761015957,0.21677215189873417,0.4610267731023018,0.0045708526713290135
S286,B,2.5378787878787876,0.75,0.54139727827949,1.0,0.0007534775875075621,0.7421875,0.48884620172461996,1.0
S287,B,1.6666666666666667,0.1,0.4929704984046235,0.07875894988066826,0.00044102530410666156,0.07187500000000001,0.43487021924807123,0.07809717047586054
S288,A,1.515151515151515,0.3939393939393939,0.5852483286516094,0.6521739130434783,0.0003866857765586787,0.375,0.5377221239432721,0.6519240499476329
S289,A,1.1904761904761905,0.25,0.6025746939581488,0.03350083752093802,0.0002702439318130014,0.2265625,0.5570339095417488,0.032806546661439624
S290,C,0.5898021308980212,0.2602739726027397,0.600312540827927,0.010381781647689216,5.481765740147814e-05,0.23715753424657532,0.5545125373168842,0.009670883066429475
S291,A,59.93993993993994,0.9864864864864865,0.25580510045075366,0.5929006386454775,0.021340203417178117,0.9860641891891893,0.17052814659571225,0.5926081962135864
S292,A,129.37853107344634,0.7627118644067796,0.5960382419980387,0.8280600253118785,0.04624372097340717,0.7552966101694915,0.5497484485350629,0.8279365111305499
S293,A,4.776119402985074,0.11940298507462686,0.2973129921959533,0.14339058999253174,0.001556202175427203,0.09188432835820895,0.21679240870990987,0.14277523914007675
S294,C,109.03935185185186,1.0,0.8553427436138957,1.0,0.03894925980194691,1.0,0.8387665346327452,1.0
S295,A,1.1244979919678715,0.6746987951807228,1.0,0.045454545454545456,0.00024658145251930155,0.6645331325301205,1.0,0.04476884161765154
S296,A,2.0666666666666673,0.66,0.5960174339307575,0.9253731343283582,0.0005844816568333362,0.649375,0.5497252560808497,0.9253195256417496
S297,C,0.581831831831832,0.1891891891891892,0.6087400280136357,0.006340764982614031,5.1959182316037296e-05,0.16385135135135134,0.5639057264125158,0.005626963511168181
S298,B,4.545454545454545,0.7647058823529411,0.4994724720772793,1.0,0.0014734763275183337,0.7573529411764706,0.442117251116081,1.0
S299,A,0.7598039215686274,0.45588235294117646,1.0,0.0549645390070922,0.00011578724951800002,0.4388786764705882,1.0,0.054285666734936
S300,A,45.303030303030305,0.7272727272727273,0.5519162703301814,0.7766233766233767,0.016090809237925694,0.71875,0.500570560273055,0.7764629125962396
S301,C,3.090277777777778,0.775,0.5145216893242143,1.0,0.0009515904483595828,0.76796875,0.4588909512981969,1.0
S302,A,1.1048689138576782,0.2808988764044944,0.6575678374075713,0.03871391076115486,0.0002395416626366132,0.25842696629213485,0.6183286921976756,0.03802336474618514
S303,B,5.8441558441558445,0.6428571428571429,0.5007739956627533,1.0,0.0019392437065010432,0.6316964285714286,0.44356791569514004,1.0
S304,A,2.6,0.88,0.6274971792714339,0.45614035087719296,0.0007757567938022353,0.87625,0.5848122510713305,0.4557496658172417
S305,C,1.9444444444444446,0.8,0.6600316964375577,1.0,0.0005406477712779633,0.7937500000000001,0.6210748837092911,1.0
S306,C,729.7222222222222,1.0,0.8193785023445448,1.0,0.2615515117600884,1.0,0.7986811673720502,1.0
S307,A,757.7131782945736,0.9941860465116279,0.20900819309073956,0.766755243520979,0.27159021292876867,0.9940043604651163,0.11836880298154523,0.7665876906572663
S308,B,864.8863636363636,1.0,0.5119024169726142,0.7354491673734955,0.3100268986268514,1.0,0.45597153772338167,0.735259125589606
S309,A,2.2839506172839505,0.6666666666666666,0.6268772905145091,0.032541776605101144,0.000662408564487332,0.65625,0.5841213295446952,0.031846796798055334
S310,B,4.271885521885522,0.8680555555555556,0.635634743568702,1.0,0.0013753632916678092,0.8639322916666667,0.5938822951470691,1.0
S311,B,1.231060606060606,0.3875,0.5713545270917605,0.34946236559139787,0.00028479916240621106,0.368359375,0.5222362380044413,0.34899504771791817
S312,A,2.103825136612022,0.5245901639344263,0.6009189969619664,0.5789473684210527,0.0005978082032614972,0.5097336065573771,0.5551884869825091,0.5786449025681872
S313,C,7.729468599033816,0.5507246376811594,0.45724315002525057,0.37684003925417076,0.0026153939354107247,0.5366847826086957,0.3950488903254883,0.37639238830779903
S314,C,9.869976359338063,1.0,0.5347356948632151,0.5422077922077922,0.0033830675261016996,1.0,0.48142127050532296,0.5418789342452003
S315,B,1.8648018648018647,0.46153846153846156,0.5647956913941611,0.07272727272727272,0.0005120846862847928,0.4447115384615385,0.5149258283180042,0.07206116042857579
S316,B,2.431289640591966,0.6511627906976745,0.5858629059953876,0.9857142857142858,0.000715250361732528,0.6402616279069768,0.5384071254243529,0.9857040234799921
S317,A,0.5686274509803922,0.24705882352941178,0.6566173882897055,0.0932475884244373,4.722355152363359e-05,0.2235294117647059,0.6172693315492217,0.09259621702586283
S318,A,5.389408099688473,0.9252336448598131,0.29909501145898226,1.0,0.0017761525744211162,0.9228971962616822,0.21877862874689488,1.0
S319,B,1.4084507042253518,0.43661971830985913,0.5245042788195617,0.04586518415566365,0.000348418503637564,0.41901408450704225,0.47001744116730965,0.045179775303709
S320,C,0.9408602150537636,0.3225806451612903,0.6176470588235294,0.1253731343283582,0.00018072143827196996,0.30141129032258057,0.5738334098173424,0.12474484052130516
S321,B,4.166666666666666,0.16666666666666666,0.9166666666666667,1.0,0.0013376275086483765,0.14062499999999997,0.9071175380371131,1.0
S322,B,1.6098484848484849,0.453125,0.54342862858286,0.3655913978494624,0.000420647981276168,0.43603515625,0.49111032353205264,0.36513566636954004
S323,A,1.858974358974359,0.46153846153846156,0.5175151053949552,0.02102973168963017,0.0005099947044560243,0.4447115384615385,0.46222738155015314,0.020326482131435848
S324,B,4.723707664884135,0.9264705882352942,0.6457989630868863,1.0,0.001537405183457137,0.9241727941176471,0.6052112279404314,1.0
S325,C,1.662112932604736,0.47540983606557374,0.5497694177382016,0.14570858283433133,0.000439392148907132,0.45901639344262296,0.49817770082248114,0.1450948971268707
S326,C,1.8369175627240146,0.4838709677419355,0.4325081085204399,0.06737880032867707,0.0005020842355987498,0.467741935483871,0.36747947170483625,0.0667088459205994
S327,B,1.8286311389759662,0.5862068965517241,0.6041285466629757,0.5223880597014925,0.000499112385278643,0.5732758620689655,0.5587658175187731,0.5220449641071974
S328,B,1.3513513513513513,0.10810810810810811,0.5185164837403926,0.5892857142857143,0.0003279403413716704,0.08023648648648649,0.46334350738311975,0.5889906750497719
S329,A,1086.9305555555557,1.0,0.8456675250491943,1.0,0.3896610234190239,1.0,0.8279826371889231,1.0
S330,B,862.7020202020201,1.0,0.4585392128314215,0.7899872817666782,0.30924350377136794,1.0,0.39649346837703653,0.7898364177863373
S331,C,1.3138138138138138,0.6756756756756757,0.5694991259569396,0.3181818181818182,0.00031447784580798096,0.6655405405405406,0.5201682273004706,0.3176920297268939
S332,A,9.967320261437909,0.9019607843137255,0.25290820749995746,0.7942708333333334,0.0034179790289902653,0.8988970588235294,0.16729930000395765,0.7941230464696775
S333,B,2.174975562072336,0.782258064516129,0.6174715517836266,0.11641595814257685,0.0006233256545902165,0.775453629032258,0.5736377915058466,0.11578122989067985
S334,C,2.8549382716049387,0.1388888888888889,0.8271888031894629,0.06690777576853527,0.0008671880803394523,0.11197916666666667,0.807386447025812,0.06623748299695
S335,B,1.4568764568764567,0.34615384615384615,0.6135268071602372,0.00417641162712997,0.00036578595827099303,0.32572115384615385,0.5692410203966234,0.003461055378598144
S336,A,5.1063829787234045,0.6595744680851063,0.4037253073026885,1.0,0.0016746481954619298,0.648936170212766,0.33539846243331867,1.0
S337,A,2.0,0.7333333333333333,0.6499283701435311,1.0,0.0005605722647122236,0.725,0.6098138218668485,1.0
S338,B,223.62596553773022,1.0,0.24334662426161005,0.7887718746725348,0.08004470397863828,1.0,0.1566420593066683,0.7886201375967286
S339,C,0.8487654320987655,0.6111111111111112,1.0,0.07678883071553229,0.00014769248410227316,0.5989583333333334,1.0,0.07612563606301244
S340,B,1082.2348484848485,1.0,0.8176891692422543,0.9966627906976744,0.3879769508944326,1.0,0.7967982543606565,0.9966603933920121
S341,A,1.7500000000000002,0.45,0.5694991259569397,0.04387186629526462,0.0004709120442580521,0.4328125,0.5201682273004707,0.04318502553066661
S342,C,7.777777777777778,0.975,0.5534679995819368,1.0,0.002632719581875299,0.97421875,0.5023001014714894,1.0
S343,C,0.5555555555555556,0.15714285714285714,0.6202041028867288,0.009327115256495669,4.253543542145467e-05,0.1308035714285714,0.576683464392593,0.008615459048883362
S344,B,1.8181818181818183,0.2,0.35865894637572887,0.23893805309734514,0.0004953648316546443,0.17500000000000002,0.28516796777806996,0.23839133937656834
S345,C,3.661616161616162,0.42424242424242425,0.4184355445568959,0.8529411764705882,0.0011564957501551012,0.40624999999999994,0.3517943390600662,0.8528355358234477
S346,B,146.7171717171717,1.0,0.8487171949766202,0.9405099150141643,0.052462066343375476,1.0,0.8313817674013252,0.940467179930845
S347,C,1.6505636070853462,0.4057971014492754,0.40189620022324934,0.7663551401869159,0.00043525008861847013,0.38722826086956524,0.333359758808534,0.7661872999064122
S348,A,774.0452261306534,0.9748743718592965,0.14058329106768117,0.5530581835807766,0.27744755296657264,0.9740891959798995,0.042103122667893414,0.552737120066276
S349,C,1.6666666666666667,0.6571428571428571,0.6263054725036091,0.875,0.00044102530410666156,0.6464285714285715,0.5834839871689299,0.8749102054499306
S350,A,0.8666666666666667,0.26666666666666666,0.6268446356751282,0.031630170316301706,0.00015411259865331258,0.24375,0.5840849328021748,0.03093453565104355
S351,C,1.566951566951567,0.9487179487179487,0.7522476379882183,1.0,0.0004052633928143994,0.9471153846153846,0.7238578079107036,1.0
S352,A,618.2708333333334,1.0,0.7200722262985899,0.9969876819708846,0.22158048736928293,1.0,0.687995430481878,0.9969855180529479
S353,B,2.5757575757575757,0.825,0.5697910655864112,1.0,0.0007670624693945579,0.8195312499999999,0.5204936201588288,1.0
S354,A,1.484375,0.359375,0.6141908632148604,0.02435897435897436,0.0003756480600254948,0.33935546875,0.5699811703314406,0.023658116383560565
S355,C,1.594650205761317,0.25925925925925924,0.47954057402435535,0.03263157894736842,0.00041519725706225003,0.23611111111111108,0.41990136596309485,0.031936663650409966
S356,C,754.0914351851852,1.0,0.6056859325000246,0.9826184659005218,0.2702913077863041,1.0,0.5605016634880278,0.98260597976425
S357,C,4.493464052287582,0.7941176470588235,0.372673175050113,1.0,0.0014548304112028496,0.7876838235294117,0.3007880805195221,1.0
S358,B,3.4343434343434343,0.6666666666666666,0.43794765720649353,1.0,0.0010749864588331269,0.65625,0.373542335791968,1.0
S359,C,2.4884259259259256,0.6875,0.5436832768431864,0.4648648648648649,0.0007357417694884289,0.677734375,0.49139415182029683,0.4644804471153784
S360,B,4.0638169777242625,0.8675496688741722,0.6577840555246479,0.9353348729792148,0.0013007414055115011,0.8634105960264901,0.6185696866500963,0.9352884203713266
S361,C,1898.611111111111,1.0,0.7727847155042534,0.9838897352542495,0.680762853616926,1.0,0.7467482197652476,0.9838781623424547
S362,C,1.8055555555555556,0.9857142857142858,0.6311601262952078,1.0,0.0004908365376923124,0.9852678571428573,0.5888949335226236,1.0
S363,A,2.0289855072463765,0.41304347826086957,0.47666996484848617,0.5833333333333334,0.0005709676525909679,0.3947010869565217,0.416701814992039,0.5830340181664353
S364,B,181.58459595959596,1.0,0.5442443742788744,0.9908026179813986,0.06496695012035501,1.0,0.49201954515503,0.9907960109831572
S365,C,240.9201388888889,1.0,0.7294287067708258,1.0,0.08624710155958847,1.0,0.6984240657807054,1.0
S366,B,1.2170889220069547,0.8032786885245902,1.0,0.7777777777777778,0.00027978834531674547,0.7971311475409836,1.0,0.7776181430220988
S367,B,166.25631313131314,1.0,0.6230346965390784,0.9527858176555717,0.05946960125008409,1.0,0.5798384144795541,0.9527519010454876
S368,C,3.981481481481482,0.43333333333333335,0.45487461962190767,0.6666666666666666,0.001271212530534176,0.415625,0.39240895110433105,0.6664272145331481
S369,C,3.0265339966832507,0.3880597014925373,0.42751361612310457,0.06919431279620854,0.0009287293224975118,0.3689365671641791,0.3619126627034031,0.06852566257313221
S370,A,1.9333333333333333,0.5,0.565497478375737,0.15718157181571815,0.0005366628725911112,0.484375,0.5157080327494714,0.1565761278033258
S371,B,1.1688311688311688,0.34285714285714286,0.5367541361426003,0.018698060941828253,0.0002624811421632896,0.3223214285714286,0.4836710040496046,0.017993136413028264
S372,A,1.2393162393162391,0.2564102564102564,0.6673288978651457,0.03638644918444166,0.0002877599699969665,0.2331730769230769,0.6292082681176928,0.03569423122255126
S373,A,0.7042253521126761,0.2112676056338028,0.6125741132772068,0.03880983182406209,9.58545023582077e-05,0.18661971830985916,0.5681791577563893,0.03811935471460186
S374,C,284.8611111111111,1.0,0.102808737276679,1.0,0.10200613058524874,1.0,0.0,1.0
S375,B,2.781917536015896,0.21311475409836064,0.25894109153594763,0.2248995983935743,0.0008409998593368949,0.1885245901639344,0.17402348946795004,0.22434280005900714
S376,B,3.9306104523495824,0.8768115942028986,0.6798940078900124,0.4779706275033378,0.001252968099787389,0.8729619565217391,0.6432132083650228,0.4775956243623268
S377,C,1.730019493177388,0.543859649122807,0.5728859329727749,0.8352941176470589,0.00046374621767204615,0.5296052631578948,0.523943126986358,0.8351758001222614
S378,B,1.3498622589531681,0.38181818181818183,0.5374790899740202,0.22580645161290322,0.00032740629196087944,0.36250000000000004,0.48447903000966513,0.22525030472215055
S379,C,9.346846846846848,0.972972972972973,0.33888226348155837,1.0,0.003195451896437517,0.9721283783783784,0.2631250838180315,1.0
S380,C,2.361111111111111,0.5,0.5132150537189418,0.04228855721393035,0.0006900814720349158,0.484375,0.45743458891532407,0.0416005790691197
S381,A,10.46875,0.875,0.4033936426070029,0.9757281553398058,0.003597812232597284,0.87109375,0.33502879243154127,0.9757107195048409
S382,C,1.0510510510510511,0.40540540540540543,0.6194052972246166,0.11475409836065574,0.00022024037686215505,0.3868243243243243,0.5757931239542705,0.11411817630114757
S383,C,6.004901960784314,0.7941176470588235,0.46603341429183365,1.0,0.001996893835517285,0.7876838235294117,0.4048464269621038,1.0
S384,C,2.6871980676328504,0.41304347826086957,0.38211095192434424,0.8317757009345794,0.0008070295856707917,0.3947010869565217,0.3113073279379421,0.8316548559326168
S385,B,0.9793052475979305,0.2926829268292683,0.5955985820096845,0.20463320463320464,0.0001945093986450812,0.27057926829268286,0.549258408109324,0.20406184780496356
S386,B,3.3389450056116723,0.7592592592592593,0.4750949752502438,1.0,0.0010407726822288415,0.7517361111111112,0.41494634805463076,1.0
S387,B,0.6578947368421052,0.17105263157894737,0.5474782840548797,0.016105417276720352,7.923844964246053e-05,0.14514802631578946,0.4956240271761647,0.015398630305749172
S388,B,2.4327784891165174,0.9014084507042254,0.4560268265579209,0.22309197651663404,0.0007157843236802645,0.8983274647887324,0.3936931889072225,0.2225338796653218
S389,B,2.2727272727272725,0.6739130434782609,0.6050862975563241,0.13142857142857142,0.0006583834142985924,0.6637228260869565,0.5598333166498294,0.13080462758351746
S390,B,2.040816326530612,0.2653061224489796,0.4162654128322941,0.25680933852140075,0.00057521066805168,0.24234693877551022,0.3493755329316889,0.2562754627528945
S391,C,1.2306610407876233,0.3924050632911392,0.5938502388788227,0.07777777777777778,0.00028465586196436526,0.37341772151898733,0.5473097231371198,0.0771152935417099
S392,B,4.523495827843654,0.9347826086956522,0.6428486489426971,1.0,0.0014656010336708,0.9327445652173914,0.6019228386451169,1.0
S393,B,1.5151515151515151,0.030303030303030304,1.0,0.4583333333333333,0.00038668577655867875,0.0,1.0,0.4579442236163657
S394,A,3.636363636363637,0.15151515151515152,0.74758210483679,0.16783216783216784,0.0011474391622304375,0.125,0.7186576534450142,0.16723437474359365
S395,A,1504.8214285714287,0.8809523809523809,0.39739401125029844,0.7193273644675443,0.5395337746205814,0.8772321428571428,0.32834166605617593,0.7191257414833488
S396,A,0.695970695970696,0.27472527472527475,0.6281568626659366,0.03612167300380228,9.289404520035445e-05,0.25206043956043955,0.5855475272848999,0.0354292648382478
S397,B,1.335387776065742,0.8813559322033898,1.0,0.8666666666666667,0.0003222151506542924,0.8776483050847458,1.0,0.8665708858132593
S398,C,1.4236111111111114,0.4,0.6128214104425082,0.20603015075376885,0.00035385564533177264,0.38125000000000003,0.5684547925909849,0.20545979743071469
S399,B,1.6145057128663682,0.4918032786885246,0.6309873686556591,0.22727272727272727,0.00042231825363932306,0.475922131147541,0.5887023796640133,0.2267176336904798
S400,B,1.1153198653198653,0.18055555555555555,0.45148865129776555,0.06575682382133995,0.00024328980108483537,0.15494791666666666,0.388634986215435,0.06508570425605668
S401,B,1.515151515151515,0.43283582089552236,0.5698409170400414,0.335,0.0003866857765586787,0.4151119402985074,0.520549184067776,0.33452229299363057
S402,B,0.726442507264425,0.1095890410958904,0.4225900265259586,0.03653444676409186,0.00010382248247328907,0.08176369863013698,0.3564248812216698,0.035842335117210064
